{
  "fixed": {
    "b": 0.01792970890567087,
    "kdes": 0.02,
    "rms": 0.8180465468589597,
    "w": 0.15
  },
  "free": {
    "b": 0.02372680011785301,
    "kdes": 0.041303580353077456,
    "w": 0.24531290026057403,
    "rms": 0.8129903591935503
  },
  "N": 90
}