{
  "b": 0.011902232791808087,
  "kappa_des": 0.16224226508844314,
  "rms": 0.8608539730318545,
  "N": 90,
  "theta_M": 9.15,
  "tau_G": 6.8,
  "kappa_h": 0.36,
  "h_max": 2.0,
  "gamma": 2.0,
  "b_CI": [
    0.01,
    0.017499999999999998
  ],
  "kdes_CI": [
    0.05,
    0.55
  ]
}