{
 "u_fold": 0.8184487728665881,
 "G_fold": 1.1755386503977558,
 "f": 3.277798366063678e-08,
 "fG": -7.806277846356124e-06,
 "fGG": -3.1347429763073364,
 "fu": -0.8896856781814844,
 "maxdev_full_vs_reduced": 0.24811608210631064,
 "u_fold_full": 0.8200000000000001
}