{
  "fold_chi2": 6.268663375993817,
  "graded_chi2": 7.612851376679203,
  "Gm": 0.2,
  "tau_G_g": 19.015949022262365,
  "fold_parts": {
    "FLX_Toll20": 0.4512234949029693,
    "FLX_Toll40": 0.8332413563892345,
    "FLX_Toll60": 1.5373868064940737,
    "CIT_Mont20": 0.01594927058239001,
    "CIT_Mont40": 0.06046234133036924,
    "CIT_Mont60": 0.15482468040752662,
    "ESC_Stein10": 0.36984159765541513,
    "ESC_Stein20": 0.3184786415208718,
    "PAR_Stein40": 0.09481969382876484,
    "PAR_Zohar": 0.2023986447956916,
    "SRT_Greist": 1.2889300070738179,
    "PAR_Kamijima": 0.7379585232666729,
    "FLV_Holl": 0.20314831774602035
  },
  "graded_parts": {
    "FLX_Toll20": 0.31158918567206356,
    "FLX_Toll40": 0.5269397981540854,
    "FLX_Toll60": 1.734998897701726,
    "CIT_Mont20": 0.05346490700249218,
    "CIT_Mont40": 0.1730588081742176,
    "CIT_Mont60": 0.3113756338649571,
    "ESC_Stein10": 0.5853203199665258,
    "ESC_Stein20": 1.1369530864927755,
    "PAR_Stein40": 0.38415779916233095,
    "PAR_Zohar": 0.29723044599477955,
    "SRT_Greist": 1.1031544975384315,
    "PAR_Kamijima": 0.9657280315993902,
    "FLV_Holl": 0.028879965355427768
  }
}