{
  "Gm": 2.0,
  "tau_G_g": 3.5950397287651783,
  "b": 0.006968082286643149,
  "chi2": 6.498783369815552
}