{
 "u": 0.8,
 "s12": {
  "BC": 0.38344434241405284,
  "VR": 1.107471263893407,
  "remit": 5.333333333333334,
  "mean": 21.67963523060735
 },
 "s24": {
  "BC": 0.3748793788135256,
  "VR": 1.2589858061701502,
  "remit": 11.091666666666667,
  "mean": 20.904401554801144
 },
 "sinf": {
  "BC": 0.6319477576061228,
  "VR": 1.9221556465892091,
  "remit": 21.15,
  "mean": 18.37388374347713
 }
}