{
  "kappa_h_code": 0.4057549340791085,
  "kappa_h_rate": 0.05966984324692772,
  "kappa_h_prime_rate": 0.0648044890667055,
  "b_code": 0.01246985413374604,
  "b_rate": 0.0018338020784920647,
  "kappa_des": 0.16250581455638205,
  "rms": 0.8450518050456386,
  "N": 90,
  "kappa_h_rate_CI": [
    0.03627450980392157,
    0.23529411764705885
  ],
  "b_rate_CI": [
    0.001450980392156863,
    0.006088235294117648
  ],
  "kappa_des_CI": [
    0.05,
    0.55
  ]
}