{
  "b": 0.0268,
  "kdes": 0.108,
  "theta_M": 9.15,
  "tau_G": 12.0,
  "lit": {
    "FLX": 2.7,
    "CIT": 3.4,
    "ESC": 1.7,
    "PAR": 5.0,
    "SRT": 9.1,
    "FLV": 50.0
  },
  "opt": {
    "FLX": 2.4347994113913423,
    "CIT": 2.9553474727105145,
    "ESC": 2.4666356450310714,
    "PAR": 3.5366533958350317,
    "SRT": 25.713398556503144,
    "FLV": 28.767626994365934
  },
  "rms_lit": 0.8202850806756345,
  "rms_opt": 0.628013353684933
}