{
  "kappa_h": 0.5666666666666667,
  "tau_G": 6.8,
  "tau_G_new": 12.0,
  "kappa_r": 0.08333333333333333,
  "b": 0.014455897020339512,
  "b_rate": 0.0021258672088734576,
  "b_new": 0.02551040650648149,
  "kappa_des": 0.16185796810642308,
  "rms": 0.8196450533647246,
  "N": 90,
  "b_rate_CI": [
    0.001392156862745098,
    0.0035490196078431374
  ],
  "kappa_des_CI": [
    0.05,
    0.55
  ]
}