{"rms": 2.761401808477432, "bias": 2.5095227009055883}