{
  "b_band": [
    0.016,
    0.0268,
    0.036
  ],
  "u_fold": [
    [
      16,
      0.5998872180451128,
      0.4567042606516291,
      0.37770676691729327
    ],
    [
      18,
      0.8072556390977444,
      0.6764160401002507,
      0.5949498746867168
    ],
    [
      20,
      0.9183458646616542,
      0.8195989974937343,
      0.7504761904761905
    ],
    [
      22,
      NaN,
      0.9109398496240602,
      0.8566290726817043
    ],
    [
      24,
      NaN,
      0.9726566416040101,
      0.9306892230576441
    ],
    [
      26,
      NaN,
      NaN,
      0.982531328320802
    ],
    [
      28,
      NaN,
      NaN,
      NaN
    ]
  ],
  "remission_pct": [
    12.2,
    20.933333333333334,
    27.200000000000003
  ]
}