{"held_rms": [0.5359454771530785, 0.7929922838716297, 1.2984497786219116, 0.23249070469691077, 0.4381926344917871, 0.709528706121748, 0.7921075124553938, 0.9114771259334948, 0.48060372962439235, 0.6256245885382812, 1.5133530591598476, 1.286837469148327, 0.8547568319982597], "b_boot_ci": [0.024554963295307014, 0.02867769258536573]}